experiment,seed,dataset,sample_id,df,lr_degradation,model,input_projection,hash_base_resolution,hash_max_resolution,iters,psnr_model,psnr_bilinear,psnr_improvement,ssim_model,ssim_bilinear,ssim_improvement,lpips_model,lpips_bilinear,lpips_improvement,eval_crop_applied,eval_crop_lr,eval_crop_hr,attn_entropy_mean,attn_fine_mass_last3,training_time_seconds,time_per_iteration_seconds,total_runtime_seconds,final_recon_loss,ttq_psnr_seconds,ttq_psnr_iteration,artifact_dir,command,attn_mean_by_level
fourier_mlp_baseline_area,6,satburst_real,s2_patch_center,4,area,mlp_tcnn,fourier,8,48,2000,27.996482849121094,45.03561019897461,-17.039127349853516,0.89508455991745,0.9898216128349304,-0.09473705291748047,0.2883126437664032,0.045976221561431885,-0.2423364222049713,False,64,256,,,7.743963241577148,0.0038719816207885742,11.171484231948853,0.16456174850463867,,,/workspaces/scalef/single_samples/satburst_real/s2_patch_center/fourier_mlp_baseline_area,/workspaces/scalef/optimize.py --dataset satburst_real --satburst_data_root data_real --df 4 --lr_shift 1.0 --aug none --num_samples 16 --iters 2000 --batch_size 1 --optimizer adamw --learning_rate 2e-3 --weight_decay 0 --seed 6 --device cuda:1 --sample_id s2_patch_center --input_projection fourier --projection_dim 256 --fourier_scale 10 --network_depth 4 --network_hidden_dim 256 --weight_decay 0 --model mlp_tcnn --tcnn_mlp_dtype fp16 --lr_degradation area --run_name fourier_mlp_baseline_area --eval_crop_lr_size 64 --eval_crop_anchor topleft,
fourier_mlp_baseline_s2_psf,6,satburst_real,s2_patch_center,4,s2_psf,mlp_tcnn,fourier,8,48,2000,27.958635330200195,45.03561019897461,-17.076974868774414,0.8559498190879822,0.9898216128349304,-0.13387179374694824,0.31760331988334656,0.045976221561431885,-0.2716270983219147,False,64,256,,,9.902159929275513,0.0049510799646377565,13.283913373947144,0.1676914393901825,,,/workspaces/scalef/single_samples/satburst_real/s2_patch_center/fourier_mlp_baseline_s2_psf,/workspaces/scalef/optimize.py --dataset satburst_real --satburst_data_root data_real --df 4 --lr_shift 1.0 --aug none --num_samples 16 --iters 2000 --batch_size 1 --optimizer adamw --learning_rate 2e-3 --weight_decay 0 --seed 6 --device cuda:1 --sample_id s2_patch_center --input_projection fourier --projection_dim 256 --fourier_scale 10 --network_depth 4 --network_hidden_dim 256 --weight_decay 0 --model mlp_tcnn --tcnn_mlp_dtype fp16 --lr_degradation s2_psf --run_name fourier_mlp_baseline_s2_psf --eval_crop_lr_size 64 --eval_crop_anchor topleft,
hashgrid_mlp_baseline_area,6,satburst_real,s2_patch_center,4,area,mlp_tcnn,hashgrid_tcnn,16,64,2000,27.778274536132812,45.03561019897461,-17.257335662841797,0.9008179306983948,0.9898216128349304,-0.08900368213653564,0.25068676471710205,0.045976221561431885,-0.20471054315567017,False,64,256,,,7.953847169876099,0.00397692358493805,11.347711563110352,0.16953358054161072,,,/workspaces/scalef/single_samples/satburst_real/s2_patch_center/hashgrid_mlp_baseline_area,/workspaces/scalef/optimize.py --dataset satburst_real --satburst_data_root data_real --df 4 --lr_shift 1.0 --aug none --num_samples 16 --iters 2000 --batch_size 1 --optimizer adamw --learning_rate 2e-3 --weight_decay 0 --seed 6 --device cuda:1 --sample_id s2_patch_center --input_projection hashgrid --hash_n_levels 16 --hash_n_features_per_level 2 --hash_log2_hashmap_size 21 --hash_base_resolution 0 --hash_max_resolution 0 --hash_encoding_dtype fp32 --hash_encoding_preset smoothstep_grid --hash_grid_type Hash --network_depth 4 --network_hidden_dim 256 --weight_decay 0 --model mlp_tcnn --tcnn_mlp_dtype fp16 --lr_degradation area --run_name hashgrid_mlp_baseline_area --eval_crop_lr_size 64 --eval_crop_anchor topleft,
hashgrid_mlp_baseline_s2_psf,6,satburst_real,s2_patch_center,4,s2_psf,mlp_tcnn,hashgrid_tcnn,16,64,2000,27.713457107543945,45.03561019897461,-17.322153091430664,0.8551838994026184,0.9898216128349304,-0.134637713432312,0.28159457445144653,0.045976221561431885,-0.23561835289001465,False,64,256,,,9.355224609375,0.0046776123046875,12.55899429321289,0.17459914088249207,,,/workspaces/scalef/single_samples/satburst_real/s2_patch_center/hashgrid_mlp_baseline_s2_psf,/workspaces/scalef/optimize.py --dataset satburst_real --satburst_data_root data_real --df 4 --lr_shift 1.0 --aug none --num_samples 16 --iters 2000 --batch_size 1 --optimizer adamw --learning_rate 2e-3 --weight_decay 0 --seed 6 --device cuda:1 --sample_id s2_patch_center --input_projection hashgrid --hash_n_levels 16 --hash_n_features_per_level 2 --hash_log2_hashmap_size 21 --hash_base_resolution 0 --hash_max_resolution 0 --hash_encoding_dtype fp32 --hash_encoding_preset smoothstep_grid --hash_grid_type Hash --network_depth 4 --network_hidden_dim 256 --weight_decay 0 --model mlp_tcnn --tcnn_mlp_dtype fp16 --lr_degradation s2_psf --run_name hashgrid_mlp_baseline_s2_psf --eval_crop_lr_size 64 --eval_crop_anchor topleft,
hashgrid_level_attention_area,6,satburst_real,s2_patch_center,4,area,hash_attn,hashgrid_tcnn,16,64,2000,28.912683486938477,45.03561019897461,-16.122926712036133,0.9126513004302979,0.9898216128349304,-0.07717031240463257,0.24021321535110474,0.045976221561431885,-0.19423699378967285,False,64,256,2.5192885398864746,0.4418625235557556,13.894728660583496,0.006947364330291748,17.259612321853638,0.16934430599212646,,,/workspaces/scalef/single_samples/satburst_real/s2_patch_center/hashgrid_level_attention_area,/workspaces/scalef/optimize.py --dataset satburst_real --satburst_data_root data_real --df 4 --lr_shift 1.0 --aug none --num_samples 16 --iters 2000 --batch_size 1 --optimizer adamw --learning_rate 2e-3 --weight_decay 0 --seed 6 --device cuda:1 --sample_id s2_patch_center --input_projection hashgrid --hash_n_levels 16 --hash_n_features_per_level 2 --hash_log2_hashmap_size 21 --hash_base_resolution 0 --hash_max_resolution 0 --hash_encoding_dtype fp32 --hash_encoding_preset smoothstep_grid --hash_grid_type Hash --network_depth 4 --network_hidden_dim 256 --weight_decay 0 --model hash_attn --hash_attn_token_dim 32 --log_attention --lr_degradation area --run_name hashgrid_level_attention_area --eval_crop_lr_size 64 --eval_crop_anchor topleft,"[0.027634136378765106, 0.028931017965078354, 0.03045789897441864, 0.031004227697849274, 0.03298407047986984, 0.03523597866296768, 0.03497517108917236, 0.03970419988036156, 0.0419180691242218, 0.04846212640404701, 0.05634442716836929, 0.06831090152263641, 0.08217523992061615, 0.11699318140745163, 0.1254512071609497, 0.19941815733909607]"
hashgrid_level_attention_s2_psf,6,satburst_real,s2_patch_center,4,s2_psf,hash_attn,hashgrid_tcnn,16,64,2000,28.34381866455078,45.03561019897461,-16.691791534423828,0.8635908961296082,0.9898216128349304,-0.12623071670532227,0.2832537889480591,0.045976221561431885,-0.2372775673866272,False,64,256,2.372154474258423,0.5225098729133606,15.843969106674194,0.007921984553337097,19.145830154418945,0.1702578067779541,,,/workspaces/scalef/single_samples/satburst_real/s2_patch_center/hashgrid_level_attention_s2_psf,/workspaces/scalef/optimize.py --dataset satburst_real --satburst_data_root data_real --df 4 --lr_shift 1.0 --aug none --num_samples 16 --iters 2000 --batch_size 1 --optimizer adamw --learning_rate 2e-3 --weight_decay 0 --seed 6 --device cuda:1 --sample_id s2_patch_center --input_projection hashgrid --hash_n_levels 16 --hash_n_features_per_level 2 --hash_log2_hashmap_size 21 --hash_base_resolution 0 --hash_max_resolution 0 --hash_encoding_dtype fp32 --hash_encoding_preset smoothstep_grid --hash_grid_type Hash --network_depth 4 --network_hidden_dim 256 --weight_decay 0 --model hash_attn --hash_attn_token_dim 32 --log_attention --lr_degradation s2_psf --run_name hashgrid_level_attention_s2_psf --eval_crop_lr_size 64 --eval_crop_anchor topleft,"[0.021861564368009567, 0.023148540407419205, 0.024249080568552017, 0.025219397619366646, 0.027556680142879486, 0.029442109167575836, 0.030953608453273773, 0.034104712307453156, 0.037713997066020966, 0.04283760488033295, 0.0492064543068409, 0.05772160366177559, 0.07347474992275238, 0.11514922976493835, 0.14372986555099487, 0.26363080739974976]"
fourier_band_attention_area,6,satburst_real,s2_patch_center,4,area,fourier_band_attn,fourier,8,48,2000,28.492816925048828,45.03561019897461,-16.54279327392578,0.8378565907478333,0.9898216128349304,-0.15196502208709717,0.3825083374977112,0.045976221561431885,-0.3365321159362793,False,64,256,2.013617515563965,0.38649165630340576,11.853789806365967,0.0059268949031829835,15.387798547744751,0.19024965167045593,,,/workspaces/scalef/single_samples/satburst_real/s2_patch_center/fourier_band_attention_area,/workspaces/scalef/optimize.py --dataset satburst_real --satburst_data_root data_real --df 4 --lr_shift 1.0 --aug none --num_samples 16 --iters 2000 --batch_size 1 --optimizer adamw --learning_rate 2e-3 --weight_decay 0 --seed 6 --device cuda:1 --sample_id s2_patch_center --input_projection fourier --projection_dim 256 --fourier_scale 10 --network_depth 4 --network_hidden_dim 256 --weight_decay 0 --model fourier_band_attn --attn_token_dim 32 --fourier_num_bands 8 --log_attention --lr_degradation area --run_name fourier_band_attention_area --eval_crop_lr_size 64 --eval_crop_anchor topleft,"[0.08654897660017014, 0.1406659185886383, 0.12367445230484009, 0.1552513837814331, 0.10736759006977081, 0.1325233429670334, 0.10742327570915222, 0.14654505252838135]"
fourier_band_attention_s2_psf,6,satburst_real,s2_patch_center,4,s2_psf,fourier_band_attn,fourier,8,48,2000,27.788522720336914,45.03561019897461,-17.247087478637695,0.7847580313682556,0.9898216128349304,-0.2050635814666748,0.40870949625968933,0.045976221561431885,-0.36273327469825745,False,64,256,2.011509418487549,0.3854067623615265,13.57243013381958,0.00678621506690979,16.81128740310669,0.1910638064146042,,,/workspaces/scalef/single_samples/satburst_real/s2_patch_center/fourier_band_attention_s2_psf,/workspaces/scalef/optimize.py --dataset satburst_real --satburst_data_root data_real --df 4 --lr_shift 1.0 --aug none --num_samples 16 --iters 2000 --batch_size 1 --optimizer adamw --learning_rate 2e-3 --weight_decay 0 --seed 6 --device cuda:1 --sample_id s2_patch_center --input_projection fourier --projection_dim 256 --fourier_scale 10 --network_depth 4 --network_hidden_dim 256 --weight_decay 0 --model fourier_band_attn --attn_token_dim 32 --fourier_num_bands 8 --log_attention --lr_degradation s2_psf --run_name fourier_band_attention_s2_psf --eval_crop_lr_size 64 --eval_crop_anchor topleft,"[0.09115459024906158, 0.1362767517566681, 0.11559925973415375, 0.15582096576690674, 0.11574168503284454, 0.1289566308259964, 0.11043046414852142, 0.14601965248584747]"
fourier_mlp_baseline_area,6,satburst_real,s2_patch_center_v2,4,area,mlp_tcnn,fourier,8,48,2000,32.195709228515625,48.58501434326172,-16.389305114746094,0.9145153164863586,0.993816614151001,-0.07930129766464233,0.26447874307632446,0.032984476536512375,-0.2314942665398121,False,64,256,,,7.6874778270721436,0.0038437389135360716,11.060858488082886,0.31268608570098877,,,/workspaces/scalef/single_samples/satburst_real/s2_patch_center_v2/fourier_mlp_baseline_area,/workspaces/scalef/optimize.py --dataset satburst_real --satburst_data_root data_real --df 4 --lr_shift 1.0 --aug none --num_samples 16 --iters 2000 --batch_size 1 --optimizer adamw --learning_rate 2e-3 --weight_decay 0 --seed 6 --device cuda:1 --sample_id s2_patch_center_v2 --input_projection fourier --projection_dim 256 --fourier_scale 10 --network_depth 4 --network_hidden_dim 256 --weight_decay 0 --model mlp_tcnn --tcnn_mlp_dtype fp16 --lr_degradation area --run_name fourier_mlp_baseline_area --eval_crop_lr_size 64 --eval_crop_anchor topleft,
fourier_mlp_baseline_s2_psf,6,satburst_real,s2_patch_center_v2,4,s2_psf,mlp_tcnn,fourier,8,48,2000,31.44919776916504,48.58501434326172,-17.13581657409668,0.8851717114448547,0.993816614151001,-0.10864490270614624,0.29848557710647583,0.032984476536512375,-0.26550110056996346,False,64,256,,,9.614933729171753,0.004807466864585877,12.838682174682617,0.3310210108757019,,,/workspaces/scalef/single_samples/satburst_real/s2_patch_center_v2/fourier_mlp_baseline_s2_psf,/workspaces/scalef/optimize.py --dataset satburst_real --satburst_data_root data_real --df 4 --lr_shift 1.0 --aug none --num_samples 16 --iters 2000 --batch_size 1 --optimizer adamw --learning_rate 2e-3 --weight_decay 0 --seed 6 --device cuda:1 --sample_id s2_patch_center_v2 --input_projection fourier --projection_dim 256 --fourier_scale 10 --network_depth 4 --network_hidden_dim 256 --weight_decay 0 --model mlp_tcnn --tcnn_mlp_dtype fp16 --lr_degradation s2_psf --run_name fourier_mlp_baseline_s2_psf --eval_crop_lr_size 64 --eval_crop_anchor topleft,
hashgrid_mlp_baseline_area,6,satburst_real,s2_patch_center_v2,4,area,mlp_tcnn,hashgrid_tcnn,16,64,2000,32.700626373291016,48.58501434326172,-15.884387969970703,0.9184026718139648,0.993816614151001,-0.07541394233703613,0.233936607837677,0.032984476536512375,-0.20095213130116463,False,64,256,,,7.922776937484741,0.003961388468742371,11.295714139938354,0.3535381257534027,,,/workspaces/scalef/single_samples/satburst_real/s2_patch_center_v2/hashgrid_mlp_baseline_area,/workspaces/scalef/optimize.py --dataset satburst_real --satburst_data_root data_real --df 4 --lr_shift 1.0 --aug none --num_samples 16 --iters 2000 --batch_size 1 --optimizer adamw --learning_rate 2e-3 --weight_decay 0 --seed 6 --device cuda:1 --sample_id s2_patch_center_v2 --input_projection hashgrid --hash_n_levels 16 --hash_n_features_per_level 2 --hash_log2_hashmap_size 21 --hash_base_resolution 0 --hash_max_resolution 0 --hash_encoding_dtype fp32 --hash_encoding_preset smoothstep_grid --hash_grid_type Hash --network_depth 4 --network_hidden_dim 256 --weight_decay 0 --model mlp_tcnn --tcnn_mlp_dtype fp16 --lr_degradation area --run_name hashgrid_mlp_baseline_area --eval_crop_lr_size 64 --eval_crop_anchor topleft,
hashgrid_mlp_baseline_s2_psf,6,satburst_real,s2_patch_center_v2,4,s2_psf,mlp_tcnn,hashgrid_tcnn,16,64,2000,31.747350692749023,48.58501434326172,-16.837663650512695,0.8753779530525208,0.993816614151001,-0.11843866109848022,0.28637784719467163,0.032984476536512375,-0.25339337065815926,False,64,256,,,9.967305421829224,0.004983652710914612,13.326565742492676,0.3642374873161316,,,/workspaces/scalef/single_samples/satburst_real/s2_patch_center_v2/hashgrid_mlp_baseline_s2_psf,/workspaces/scalef/optimize.py --dataset satburst_real --satburst_data_root data_real --df 4 --lr_shift 1.0 --aug none --num_samples 16 --iters 2000 --batch_size 1 --optimizer adamw --learning_rate 2e-3 --weight_decay 0 --seed 6 --device cuda:1 --sample_id s2_patch_center_v2 --input_projection hashgrid --hash_n_levels 16 --hash_n_features_per_level 2 --hash_log2_hashmap_size 21 --hash_base_resolution 0 --hash_max_resolution 0 --hash_encoding_dtype fp32 --hash_encoding_preset smoothstep_grid --hash_grid_type Hash --network_depth 4 --network_hidden_dim 256 --weight_decay 0 --model mlp_tcnn --tcnn_mlp_dtype fp16 --lr_degradation s2_psf --run_name hashgrid_mlp_baseline_s2_psf --eval_crop_lr_size 64 --eval_crop_anchor topleft,
hashgrid_level_attention_area,6,satburst_real,s2_patch_center_v2,4,area,hash_attn,hashgrid_tcnn,16,64,2000,32.71312713623047,48.58501434326172,-15.87188720703125,0.922426164150238,0.993816614151001,-0.07139045000076294,0.2143009454011917,0.032984476536512375,-0.18131646886467934,False,64,256,2.478661060333252,0.4571029245853424,13.764597654342651,0.006882298827171326,17.23573589324951,0.3669166564941406,,,/workspaces/scalef/single_samples/satburst_real/s2_patch_center_v2/hashgrid_level_attention_area,/workspaces/scalef/optimize.py --dataset satburst_real --satburst_data_root data_real --df 4 --lr_shift 1.0 --aug none --num_samples 16 --iters 2000 --batch_size 1 --optimizer adamw --learning_rate 2e-3 --weight_decay 0 --seed 6 --device cuda:1 --sample_id s2_patch_center_v2 --input_projection hashgrid --hash_n_levels 16 --hash_n_features_per_level 2 --hash_log2_hashmap_size 21 --hash_base_resolution 0 --hash_max_resolution 0 --hash_encoding_dtype fp32 --hash_encoding_preset smoothstep_grid --hash_grid_type Hash --network_depth 4 --network_hidden_dim 256 --weight_decay 0 --model hash_attn --hash_attn_token_dim 32 --log_attention --lr_degradation area --run_name hashgrid_level_attention_area --eval_crop_lr_size 64 --eval_crop_anchor topleft,"[0.027096284553408623, 0.027107883244752884, 0.028056753799319267, 0.030548468232154846, 0.03122970275580883, 0.03226074203848839, 0.03271670266985893, 0.034645773470401764, 0.03872170299291611, 0.04324069991707802, 0.056231845170259476, 0.06922991573810577, 0.09181061387062073, 0.11779464781284332, 0.13028329610824585, 0.20902496576309204]"
hashgrid_level_attention_s2_psf,6,satburst_real,s2_patch_center_v2,4,s2_psf,hash_attn,hashgrid_tcnn,16,64,2000,31.81664276123047,48.58501434326172,-16.76837158203125,0.8803563117980957,0.993816614151001,-0.11346030235290527,0.2733779549598694,0.032984476536512375,-0.240393478423357,False,64,256,2.2227678298950195,0.5827866792678833,15.289600849151611,0.007644800424575805,18.708354711532593,0.36848729848861694,,,/workspaces/scalef/single_samples/satburst_real/s2_patch_center_v2/hashgrid_level_attention_s2_psf,/workspaces/scalef/optimize.py --dataset satburst_real --satburst_data_root data_real --df 4 --lr_shift 1.0 --aug none --num_samples 16 --iters 2000 --batch_size 1 --optimizer adamw --learning_rate 2e-3 --weight_decay 0 --seed 6 --device cuda:1 --sample_id s2_patch_center_v2 --input_projection hashgrid --hash_n_levels 16 --hash_n_features_per_level 2 --hash_log2_hashmap_size 21 --hash_base_resolution 0 --hash_max_resolution 0 --hash_encoding_dtype fp32 --hash_encoding_preset smoothstep_grid --hash_grid_type Hash --network_depth 4 --network_hidden_dim 256 --weight_decay 0 --model hash_attn --hash_attn_token_dim 32 --log_attention --lr_degradation s2_psf --run_name hashgrid_level_attention_s2_psf --eval_crop_lr_size 64 --eval_crop_anchor topleft,"[0.01947975344955921, 0.019110292196273804, 0.020050249993801117, 0.022370224818587303, 0.022845394909381866, 0.02402130700647831, 0.024144941940903664, 0.026041805744171143, 0.028571218252182007, 0.033677563071250916, 0.04572775214910507, 0.0515981987118721, 0.0795745849609375, 0.11897768825292587, 0.160654678940773, 0.3031543493270874]"
fourier_band_attention_area,6,satburst_real,s2_patch_center_v2,4,area,fourier_band_attn,fourier,8,48,2000,31.859966278076172,48.58501434326172,-16.725048065185547,0.8630692362785339,0.993816614151001,-0.13074737787246704,0.38544514775276184,0.032984476536512375,-0.35246067121624947,False,64,256,1.9992015361785889,0.4411765933036804,12.07512354850769,0.006037561774253845,15.619394779205322,0.37791967391967773,,,/workspaces/scalef/single_samples/satburst_real/s2_patch_center_v2/fourier_band_attention_area,/workspaces/scalef/optimize.py --dataset satburst_real --satburst_data_root data_real --df 4 --lr_shift 1.0 --aug none --num_samples 16 --iters 2000 --batch_size 1 --optimizer adamw --learning_rate 2e-3 --weight_decay 0 --seed 6 --device cuda:1 --sample_id s2_patch_center_v2 --input_projection fourier --projection_dim 256 --fourier_scale 10 --network_depth 4 --network_hidden_dim 256 --weight_decay 0 --model fourier_band_attn --attn_token_dim 32 --fourier_num_bands 8 --log_attention --lr_degradation area --run_name fourier_band_attention_area --eval_crop_lr_size 64 --eval_crop_anchor topleft,"[0.10924965888261795, 0.1132337674498558, 0.11469054967164993, 0.12400318682193756, 0.09764623641967773, 0.14940783381462097, 0.13185971975326538, 0.15990903973579407]"
fourier_band_attention_s2_psf,6,satburst_real,s2_patch_center_v2,4,s2_psf,fourier_band_attn,fourier,8,48,2000,30.70113754272461,48.58501434326172,-17.88387680053711,0.8041496276855469,0.993816614151001,-0.1896669864654541,0.43328940868377686,0.032984476536512375,-0.4003049321472645,False,64,256,1.9733531475067139,0.44449377059936523,13.403017282485962,0.006701508641242981,16.73260521888733,0.3603214621543884,,,/workspaces/scalef/single_samples/satburst_real/s2_patch_center_v2/fourier_band_attention_s2_psf,/workspaces/scalef/optimize.py --dataset satburst_real --satburst_data_root data_real --df 4 --lr_shift 1.0 --aug none --num_samples 16 --iters 2000 --batch_size 1 --optimizer adamw --learning_rate 2e-3 --weight_decay 0 --seed 6 --device cuda:1 --sample_id s2_patch_center_v2 --input_projection fourier --projection_dim 256 --fourier_scale 10 --network_depth 4 --network_hidden_dim 256 --weight_decay 0 --model fourier_band_attn --attn_token_dim 32 --fourier_num_bands 8 --log_attention --lr_degradation s2_psf --run_name fourier_band_attention_s2_psf --eval_crop_lr_size 64 --eval_crop_anchor topleft,"[0.10945937037467957, 0.10272039473056793, 0.11660653352737427, 0.12719619274139404, 0.09952374547719955, 0.15450051426887512, 0.13184234499931335, 0.15815092623233795]"
fourier_mlp_baseline_area,6,satburst_real,s2_scene_center_v2_128,4,area,mlp_tcnn,fourier,8,48,2000,32.619598388671875,48.435508728027344,-15.815910339355469,0.9301082491874695,0.9937582015991211,-0.06364995241165161,0.22483757138252258,0.033201247453689575,-0.191636323928833,True,64,256,,,15.138283252716064,0.007569141626358032,20.641780853271484,0.24096135795116425,,,/workspaces/scalef/single_samples/satburst_real/s2_scene_center_v2_128/fourier_mlp_baseline_area,/workspaces/scalef/optimize.py --dataset satburst_real --satburst_data_root data_real --df 4 --lr_shift 1.0 --aug none --num_samples 16 --iters 2000 --batch_size 1 --optimizer adamw --learning_rate 2e-3 --weight_decay 0 --seed 6 --device cuda:1 --sample_id s2_scene_center_v2_128 --input_projection fourier --projection_dim 256 --fourier_scale 10 --network_depth 4 --network_hidden_dim 256 --weight_decay 0 --model mlp_tcnn --tcnn_mlp_dtype fp16 --lr_degradation area --run_name fourier_mlp_baseline_area --eval_crop_lr_size 64 --eval_crop_anchor topleft,
fourier_mlp_baseline_s2_psf,6,satburst_real,s2_scene_center_v2_128,4,s2_psf,mlp_tcnn,fourier,8,48,2000,32.439414978027344,48.435508728027344,-15.99609375,0.9217257499694824,0.9937582015991211,-0.07203245162963867,0.25547605752944946,0.033201247453689575,-0.2222748100757599,True,64,256,,,17.89881420135498,0.00894940710067749,23.452980041503906,0.24366217851638794,,,/workspaces/scalef/single_samples/satburst_real/s2_scene_center_v2_128/fourier_mlp_baseline_s2_psf,/workspaces/scalef/optimize.py --dataset satburst_real --satburst_data_root data_real --df 4 --lr_shift 1.0 --aug none --num_samples 16 --iters 2000 --batch_size 1 --optimizer adamw --learning_rate 2e-3 --weight_decay 0 --seed 6 --device cuda:1 --sample_id s2_scene_center_v2_128 --input_projection fourier --projection_dim 256 --fourier_scale 10 --network_depth 4 --network_hidden_dim 256 --weight_decay 0 --model mlp_tcnn --tcnn_mlp_dtype fp16 --lr_degradation s2_psf --run_name fourier_mlp_baseline_s2_psf --eval_crop_lr_size 64 --eval_crop_anchor topleft,
hashgrid_mlp_baseline_area,6,satburst_real,s2_scene_center_v2_128,4,area,mlp_tcnn,hashgrid_tcnn,32,128,2000,32.482303619384766,48.435508728027344,-15.953205108642578,0.923759937286377,0.9937582015991211,-0.06999826431274414,0.21541666984558105,0.033201247453689575,-0.18221542239189148,True,64,256,,,12.667972326278687,0.006333986163139343,18.23182201385498,0.2261172980070114,,,/workspaces/scalef/single_samples/satburst_real/s2_scene_center_v2_128/hashgrid_mlp_baseline_area,/workspaces/scalef/optimize.py --dataset satburst_real --satburst_data_root data_real --df 4 --lr_shift 1.0 --aug none --num_samples 16 --iters 2000 --batch_size 1 --optimizer adamw --learning_rate 2e-3 --weight_decay 0 --seed 6 --device cuda:1 --sample_id s2_scene_center_v2_128 --input_projection hashgrid --hash_n_levels 16 --hash_n_features_per_level 2 --hash_log2_hashmap_size 21 --hash_base_resolution 0 --hash_max_resolution 0 --hash_encoding_dtype fp32 --hash_encoding_preset smoothstep_grid --hash_grid_type Hash --network_depth 4 --network_hidden_dim 256 --weight_decay 0 --model mlp_tcnn --tcnn_mlp_dtype fp16 --lr_degradation area --run_name hashgrid_mlp_baseline_area --eval_crop_lr_size 64 --eval_crop_anchor topleft,
hashgrid_mlp_baseline_s2_psf,6,satburst_real,s2_scene_center_v2_128,4,s2_psf,mlp_tcnn,hashgrid_tcnn,32,128,2000,31.948471069335938,48.435508728027344,-16.487037658691406,0.8933660387992859,0.9937582015991211,-0.1003921627998352,0.2570066452026367,0.033201247453689575,-0.22380539774894714,True,64,256,,,15.56806993484497,0.0077840349674224854,23.940770626068115,0.23061954975128174,,,/workspaces/scalef/single_samples/satburst_real/s2_scene_center_v2_128/hashgrid_mlp_baseline_s2_psf,/workspaces/scalef/optimize.py --dataset satburst_real --satburst_data_root data_real --df 4 --lr_shift 1.0 --aug none --num_samples 16 --iters 2000 --batch_size 1 --optimizer adamw --learning_rate 2e-3 --weight_decay 0 --seed 6 --device cuda:1 --sample_id s2_scene_center_v2_128 --input_projection hashgrid --hash_n_levels 16 --hash_n_features_per_level 2 --hash_log2_hashmap_size 21 --hash_base_resolution 0 --hash_max_resolution 0 --hash_encoding_dtype fp32 --hash_encoding_preset smoothstep_grid --hash_grid_type Hash --network_depth 4 --network_hidden_dim 256 --weight_decay 0 --model mlp_tcnn --tcnn_mlp_dtype fp16 --lr_degradation s2_psf --run_name hashgrid_mlp_baseline_s2_psf --eval_crop_lr_size 64 --eval_crop_anchor topleft,
hashgrid_level_attention_area,6,satburst_real,s2_scene_center_v2_128,4,area,hash_attn,hashgrid_tcnn,32,128,2000,32.46896743774414,48.435508728027344,-15.966541290283203,0.9268741607666016,0.9937582015991211,-0.06688404083251953,0.2087850719690323,0.033201247453689575,-0.1755838245153427,True,64,256,2.6439576148986816,0.34599918127059937,35.28379845619202,0.01764189922809601,40.97357654571533,0.23131349682807922,,,/workspaces/scalef/single_samples/satburst_real/s2_scene_center_v2_128/hashgrid_level_attention_area,/workspaces/scalef/optimize.py --dataset satburst_real --satburst_data_root data_real --df 4 --lr_shift 1.0 --aug none --num_samples 16 --iters 2000 --batch_size 1 --optimizer adamw --learning_rate 2e-3 --weight_decay 0 --seed 6 --device cuda:1 --sample_id s2_scene_center_v2_128 --input_projection hashgrid --hash_n_levels 16 --hash_n_features_per_level 2 --hash_log2_hashmap_size 21 --hash_base_resolution 0 --hash_max_resolution 0 --hash_encoding_dtype fp32 --hash_encoding_preset smoothstep_grid --hash_grid_type Hash --network_depth 4 --network_hidden_dim 256 --weight_decay 0 --model hash_attn --hash_attn_token_dim 32 --log_attention --lr_degradation area --run_name hashgrid_level_attention_area --eval_crop_lr_size 64 --eval_crop_anchor topleft,"[0.036036521196365356, 0.03692355006933212, 0.037440575659275055, 0.04061282426118851, 0.041386447846889496, 0.04294109717011452, 0.045454420149326324, 0.048604778945446014, 0.05273275822401047, 0.05512011796236038, 0.06255625188350677, 0.07194679975509644, 0.08224467933177948, 0.09574165940284729, 0.11181572079658508, 0.1384417861700058]"
hashgrid_level_attention_s2_psf,6,satburst_real,s2_scene_center_v2_128,4,s2_psf,hash_attn,hashgrid_tcnn,32,128,2000,31.994266510009766,48.435508728027344,-16.441242218017578,0.9022197723388672,0.9937582015991211,-0.0915384292602539,0.2543990910053253,0.033201247453689575,-0.22119784355163574,True,64,256,2.4892783164978027,0.4465659558773041,37.01698637008667,0.018508493185043336,42.57693934440613,0.23485326766967773,,,/workspaces/scalef/single_samples/satburst_real/s2_scene_center_v2_128/hashgrid_level_attention_s2_psf,/workspaces/scalef/optimize.py --dataset satburst_real --satburst_data_root data_real --df 4 --lr_shift 1.0 --aug none --num_samples 16 --iters 2000 --batch_size 1 --optimizer adamw --learning_rate 2e-3 --weight_decay 0 --seed 6 --device cuda:1 --sample_id s2_scene_center_v2_128 --input_projection hashgrid --hash_n_levels 16 --hash_n_features_per_level 2 --hash_log2_hashmap_size 21 --hash_base_resolution 0 --hash_max_resolution 0 --hash_encoding_dtype fp32 --hash_encoding_preset smoothstep_grid --hash_grid_type Hash --network_depth 4 --network_hidden_dim 256 --weight_decay 0 --model hash_attn --hash_attn_token_dim 32 --log_attention --lr_degradation s2_psf --run_name hashgrid_level_attention_s2_psf --eval_crop_lr_size 64 --eval_crop_anchor topleft,"[0.027147091925144196, 0.028173618018627167, 0.028543002903461456, 0.031797055155038834, 0.03217843919992447, 0.03355205059051514, 0.035971857607364655, 0.03902927786111832, 0.0435636043548584, 0.04708053171634674, 0.054725125432014465, 0.0664316788315773, 0.08524070680141449, 0.107340507209301, 0.13796980679035187, 0.20125563442707062]"
fourier_band_attention_area,6,satburst_real,s2_scene_center_v2_128,4,area,fourier_band_attn,fourier,8,48,2000,31.703624725341797,48.435508728027344,-16.731884002685547,0.8885297775268555,0.9937582015991211,-0.10522842407226562,0.36936724185943604,0.033201247453689575,-0.33616599440574646,True,64,256,2.0284528732299805,0.3874884843826294,29.544172048568726,0.014772086024284363,35.09643292427063,0.27689746022224426,,,/workspaces/scalef/single_samples/satburst_real/s2_scene_center_v2_128/fourier_band_attention_area,/workspaces/scalef/optimize.py --dataset satburst_real --satburst_data_root data_real --df 4 --lr_shift 1.0 --aug none --num_samples 16 --iters 2000 --batch_size 1 --optimizer adamw --learning_rate 2e-3 --weight_decay 0 --seed 6 --device cuda:1 --sample_id s2_scene_center_v2_128 --input_projection fourier --projection_dim 256 --fourier_scale 10 --network_depth 4 --network_hidden_dim 256 --weight_decay 0 --model fourier_band_attn --attn_token_dim 32 --fourier_num_bands 8 --log_attention --lr_degradation area --run_name fourier_band_attention_area --eval_crop_lr_size 64 --eval_crop_anchor topleft,"[0.10997343063354492, 0.1502303183078766, 0.12074314057826996, 0.1465744823217392, 0.08499015867710114, 0.132187619805336, 0.12517312169075012, 0.13012772798538208]"
fourier_band_attention_s2_psf,6,satburst_real,s2_scene_center_v2_128,4,s2_psf,fourier_band_attn,fourier,8,48,2000,31.463891983032227,48.435508728027344,-16.971616744995117,0.8772643208503723,0.9937582015991211,-0.11649388074874878,0.39009571075439453,0.033201247453689575,-0.35689446330070496,True,64,256,2.021090030670166,0.38867315649986267,31.87814450263977,0.015939072251319884,37.341686487197876,0.2812134921550751,,,/workspaces/scalef/single_samples/satburst_real/s2_scene_center_v2_128/fourier_band_attention_s2_psf,/workspaces/scalef/optimize.py --dataset satburst_real --satburst_data_root data_real --df 4 --lr_shift 1.0 --aug none --num_samples 16 --iters 2000 --batch_size 1 --optimizer adamw --learning_rate 2e-3 --weight_decay 0 --seed 6 --device cuda:1 --sample_id s2_scene_center_v2_128 --input_projection fourier --projection_dim 256 --fourier_scale 10 --network_depth 4 --network_hidden_dim 256 --weight_decay 0 --model fourier_band_attn --attn_token_dim 32 --fourier_num_bands 8 --log_attention --lr_degradation s2_psf --run_name fourier_band_attention_s2_psf --eval_crop_lr_size 64 --eval_crop_anchor topleft,"[0.1103973388671875, 0.1497080773115158, 0.12159512937068939, 0.14573465287685394, 0.08389163762331009, 0.13323859870433807, 0.12704899907112122, 0.1283855438232422]"
fourier_mlp_baseline_area,6,satburst_real,s2_scene_center_v2_256,4,area,mlp_tcnn,fourier,8,48,2000,31.19455909729004,48.435508728027344,-17.240949630737305,0.9027097821235657,0.9937582015991211,-0.09104841947555542,0.33503711223602295,0.033201247453689575,-0.3018358647823334,True,64,256,,,37.80366134643555,0.018901830673217775,43.20048379898071,0.08519323915243149,,,/workspaces/scalef/single_samples/satburst_real/s2_scene_center_v2_256/fourier_mlp_baseline_area,/workspaces/scalef/optimize.py --dataset satburst_real --satburst_data_root data_real --df 4 --lr_shift 1.0 --aug none --num_samples 16 --iters 2000 --batch_size 1 --optimizer adamw --learning_rate 2e-3 --weight_decay 0 --seed 6 --device cuda:1 --sample_id s2_scene_center_v2_256 --input_projection fourier --projection_dim 256 --fourier_scale 10 --network_depth 4 --network_hidden_dim 256 --weight_decay 0 --model mlp_tcnn --tcnn_mlp_dtype fp16 --lr_degradation area --run_name fourier_mlp_baseline_area --eval_crop_lr_size 64 --eval_crop_anchor topleft,
fourier_mlp_baseline_s2_psf,6,satburst_real,s2_scene_center_v2_256,4,s2_psf,mlp_tcnn,fourier,8,48,2000,31.143152236938477,48.435508728027344,-17.292356491088867,0.8993993401527405,0.9937582015991211,-0.09435886144638062,0.3461139500141144,0.033201247453689575,-0.3129127025604248,True,64,256,,,47.50760221481323,0.023753801107406616,52.89556694030762,0.08835728466510773,,,/workspaces/scalef/single_samples/satburst_real/s2_scene_center_v2_256/fourier_mlp_baseline_s2_psf,/workspaces/scalef/optimize.py --dataset satburst_real --satburst_data_root data_real --df 4 --lr_shift 1.0 --aug none --num_samples 16 --iters 2000 --batch_size 1 --optimizer adamw --learning_rate 2e-3 --weight_decay 0 --seed 6 --device cuda:1 --sample_id s2_scene_center_v2_256 --input_projection fourier --projection_dim 256 --fourier_scale 10 --network_depth 4 --network_hidden_dim 256 --weight_decay 0 --model mlp_tcnn --tcnn_mlp_dtype fp16 --lr_degradation s2_psf --run_name fourier_mlp_baseline_s2_psf --eval_crop_lr_size 64 --eval_crop_anchor topleft,
hashgrid_mlp_baseline_area,6,satburst_real,s2_scene_center_v2_256,4,area,mlp_tcnn,hashgrid_tcnn,64,256,2000,31.34125518798828,48.435508728027344,-17.094253540039062,0.9164642691612244,0.9937582015991211,-0.07729393243789673,0.2108299285173416,0.033201247453689575,-0.17762868106365204,True,64,256,,,26.107882976531982,0.013053941488265991,31.532994985580444,0.07201480865478516,,,/workspaces/scalef/single_samples/satburst_real/s2_scene_center_v2_256/hashgrid_mlp_baseline_area,/workspaces/scalef/optimize.py --dataset satburst_real --satburst_data_root data_real --df 4 --lr_shift 1.0 --aug none --num_samples 16 --iters 2000 --batch_size 1 --optimizer adamw --learning_rate 2e-3 --weight_decay 0 --seed 6 --device cuda:1 --sample_id s2_scene_center_v2_256 --input_projection hashgrid --hash_n_levels 16 --hash_n_features_per_level 2 --hash_log2_hashmap_size 21 --hash_base_resolution 0 --hash_max_resolution 0 --hash_encoding_dtype fp32 --hash_encoding_preset smoothstep_grid --hash_grid_type Hash --network_depth 4 --network_hidden_dim 256 --weight_decay 0 --model mlp_tcnn --tcnn_mlp_dtype fp16 --lr_degradation area --run_name hashgrid_mlp_baseline_area --eval_crop_lr_size 64 --eval_crop_anchor topleft,
hashgrid_mlp_baseline_s2_psf,6,satburst_real,s2_scene_center_v2_256,4,s2_psf,mlp_tcnn,hashgrid_tcnn,64,256,2000,30.903223037719727,48.435508728027344,-17.532285690307617,0.8850467801094055,0.9937582015991211,-0.10871142148971558,0.25202515721321106,0.033201247453689575,-0.21882390975952148,True,64,256,,,36.161365270614624,0.01808068263530731,41.568387269973755,0.07241643965244293,,,/workspaces/scalef/single_samples/satburst_real/s2_scene_center_v2_256/hashgrid_mlp_baseline_s2_psf,/workspaces/scalef/optimize.py --dataset satburst_real --satburst_data_root data_real --df 4 --lr_shift 1.0 --aug none --num_samples 16 --iters 2000 --batch_size 1 --optimizer adamw --learning_rate 2e-3 --weight_decay 0 --seed 6 --device cuda:1 --sample_id s2_scene_center_v2_256 --input_projection hashgrid --hash_n_levels 16 --hash_n_features_per_level 2 --hash_log2_hashmap_size 21 --hash_base_resolution 0 --hash_max_resolution 0 --hash_encoding_dtype fp32 --hash_encoding_preset smoothstep_grid --hash_grid_type Hash --network_depth 4 --network_hidden_dim 256 --weight_decay 0 --model mlp_tcnn --tcnn_mlp_dtype fp16 --lr_degradation s2_psf --run_name hashgrid_mlp_baseline_s2_psf --eval_crop_lr_size 64 --eval_crop_anchor topleft,
hashgrid_level_attention_area,6,satburst_real,s2_scene_center_v2_256,4,area,hash_attn,hashgrid_tcnn,64,256,2000,30.90728187561035,48.435508728027344,-17.528226852416992,0.9134853482246399,0.9937582015991211,-0.0802728533744812,0.253345251083374,0.033201247453689575,-0.22014400362968445,True,64,256,2.5538392066955566,0.4140804409980774,116.33395767211914,0.05816697883605957,121.76370668411255,0.07846984267234802,,,/workspaces/scalef/single_samples/satburst_real/s2_scene_center_v2_256/hashgrid_level_attention_area,/workspaces/scalef/optimize.py --dataset satburst_real --satburst_data_root data_real --df 4 --lr_shift 1.0 --aug none --num_samples 16 --iters 2000 --batch_size 1 --optimizer adamw --learning_rate 2e-3 --weight_decay 0 --seed 6 --device cuda:1 --sample_id s2_scene_center_v2_256 --input_projection hashgrid --hash_n_levels 16 --hash_n_features_per_level 2 --hash_log2_hashmap_size 21 --hash_base_resolution 0 --hash_max_resolution 0 --hash_encoding_dtype fp32 --hash_encoding_preset smoothstep_grid --hash_grid_type Hash --network_depth 4 --network_hidden_dim 256 --weight_decay 0 --model hash_attn --hash_attn_token_dim 32 --log_attention --lr_degradation area --run_name hashgrid_level_attention_area --eval_crop_lr_size 64 --eval_crop_anchor topleft,"[0.026571502909064293, 0.02922923117876053, 0.0299114678055048, 0.030683789402246475, 0.03242363780736923, 0.034638337790966034, 0.03770148381590843, 0.04018867760896683, 0.042574454098939896, 0.05066796392202377, 0.058229267597198486, 0.07518598437309265, 0.09791374206542969, 0.11921940743923187, 0.1311831921339035, 0.16367784142494202]"
hashgrid_level_attention_s2_psf,6,satburst_real,s2_scene_center_v2_256,4,s2_psf,hash_attn,hashgrid_tcnn,64,256,2000,30.578289031982422,48.435508728027344,-17.857219696044922,0.8887893557548523,0.9937582015991211,-0.1049688458442688,0.2802797555923462,0.033201247453689575,-0.24707850813865662,True,64,256,2.3549044132232666,0.5293728709220886,119.28156232833862,0.059640781164169314,124.618577003479,0.0808529332280159,,,/workspaces/scalef/single_samples/satburst_real/s2_scene_center_v2_256/hashgrid_level_attention_s2_psf,/workspaces/scalef/optimize.py --dataset satburst_real --satburst_data_root data_real --df 4 --lr_shift 1.0 --aug none --num_samples 16 --iters 2000 --batch_size 1 --optimizer adamw --learning_rate 2e-3 --weight_decay 0 --seed 6 --device cuda:1 --sample_id s2_scene_center_v2_256 --input_projection hashgrid --hash_n_levels 16 --hash_n_features_per_level 2 --hash_log2_hashmap_size 21 --hash_base_resolution 0 --hash_max_resolution 0 --hash_encoding_dtype fp32 --hash_encoding_preset smoothstep_grid --hash_grid_type Hash --network_depth 4 --network_hidden_dim 256 --weight_decay 0 --model hash_attn --hash_attn_token_dim 32 --log_attention --lr_degradation s2_psf --run_name hashgrid_level_attention_s2_psf --eval_crop_lr_size 64 --eval_crop_anchor topleft,"[0.01856309361755848, 0.020590171217918396, 0.021415237337350845, 0.022414013743400574, 0.02437519282102585, 0.02672037109732628, 0.02959655597805977, 0.031756334006786346, 0.03432812914252281, 0.04027315974235535, 0.0456094928085804, 0.06291379034519196, 0.09207157790660858, 0.13176649808883667, 0.16207464039325714, 0.23553171753883362]"
fourier_band_attention_area,6,satburst_real,s2_scene_center_v2_256,4,area,fourier_band_attn,fourier,8,48,2000,29.322376251220703,48.435508728027344,-19.11313247680664,0.846971333026886,0.9937582015991211,-0.1467868685722351,0.46890753507614136,0.033201247453689575,-0.4357062876224518,True,64,256,2.006828784942627,0.3635195791721344,92.95197820663452,0.04647598910331726,98.30689787864685,0.12872537970542908,,,/workspaces/scalef/single_samples/satburst_real/s2_scene_center_v2_256/fourier_band_attention_area,/workspaces/scalef/optimize.py --dataset satburst_real --satburst_data_root data_real --df 4 --lr_shift 1.0 --aug none --num_samples 16 --iters 2000 --batch_size 1 --optimizer adamw --learning_rate 2e-3 --weight_decay 0 --seed 6 --device cuda:1 --sample_id s2_scene_center_v2_256 --input_projection fourier --projection_dim 256 --fourier_scale 10 --network_depth 4 --network_hidden_dim 256 --weight_decay 0 --model fourier_band_attn --attn_token_dim 32 --fourier_num_bands 8 --log_attention --lr_degradation area --run_name fourier_band_attention_area --eval_crop_lr_size 64 --eval_crop_anchor topleft,"[0.12424476444721222, 0.1732284426689148, 0.11133144795894623, 0.12094314396381378, 0.10673260688781738, 0.09051991999149323, 0.09990885853767395, 0.17309081554412842]"
fourier_band_attention_s2_psf,6,satburst_real,s2_scene_center_v2_256,4,s2_psf,fourier_band_attn,fourier,8,48,2000,29.272705078125,48.435508728027344,-19.162803649902344,0.8445567488670349,0.9937582015991211,-0.14920145273208618,0.4685738980770111,0.033201247453689575,-0.43537265062332153,True,64,256,2.008376121520996,0.3643316328525543,95.87496542930603,0.047937482714653014,101.23507761955261,0.13406258821487427,,,/workspaces/scalef/single_samples/satburst_real/s2_scene_center_v2_256/fourier_band_attention_s2_psf,/workspaces/scalef/optimize.py --dataset satburst_real --satburst_data_root data_real --df 4 --lr_shift 1.0 --aug none --num_samples 16 --iters 2000 --batch_size 1 --optimizer adamw --learning_rate 2e-3 --weight_decay 0 --seed 6 --device cuda:1 --sample_id s2_scene_center_v2_256 --input_projection fourier --projection_dim 256 --fourier_scale 10 --network_depth 4 --network_hidden_dim 256 --weight_decay 0 --model fourier_band_attn --attn_token_dim 32 --fourier_num_bands 8 --log_attention --lr_degradation s2_psf --run_name fourier_band_attention_s2_psf --eval_crop_lr_size 64 --eval_crop_anchor topleft,"[0.12420383095741272, 0.17211559414863586, 0.11023484170436859, 0.1210891604423523, 0.1080249696969986, 0.09210067987442017, 0.09946329891681671, 0.17276763916015625]"
fourier_mlp_baseline_area,6,satburst_real,s2_scene_center_v2_64,4,area,mlp_tcnn,fourier,8,48,2000,32.195709228515625,48.58501434326172,-16.389305114746094,0.9145153164863586,0.993816614151001,-0.07930129766464233,0.26447874307632446,0.032984476536512375,-0.2314942665398121,False,64,256,,,7.816865921020508,0.003908432960510254,11.251090049743652,0.31268608570098877,,,/workspaces/scalef/single_samples/satburst_real/s2_scene_center_v2_64/fourier_mlp_baseline_area,/workspaces/scalef/optimize.py --dataset satburst_real --satburst_data_root data_real --df 4 --lr_shift 1.0 --aug none --num_samples 16 --iters 2000 --batch_size 1 --optimizer adamw --learning_rate 2e-3 --weight_decay 0 --seed 6 --device cuda:1 --sample_id s2_scene_center_v2_64 --input_projection fourier --projection_dim 256 --fourier_scale 10 --network_depth 4 --network_hidden_dim 256 --weight_decay 0 --model mlp_tcnn --tcnn_mlp_dtype fp16 --lr_degradation area --run_name fourier_mlp_baseline_area --eval_crop_lr_size 64 --eval_crop_anchor topleft,
fourier_mlp_baseline_s2_psf,6,satburst_real,s2_scene_center_v2_64,4,s2_psf,mlp_tcnn,fourier,8,48,2000,31.44919776916504,48.58501434326172,-17.13581657409668,0.8851717114448547,0.993816614151001,-0.10864490270614624,0.29848557710647583,0.032984476536512375,-0.26550110056996346,False,64,256,,,9.415005445480347,0.004707502722740173,12.730815887451172,0.3310210108757019,,,/workspaces/scalef/single_samples/satburst_real/s2_scene_center_v2_64/fourier_mlp_baseline_s2_psf,/workspaces/scalef/optimize.py --dataset satburst_real --satburst_data_root data_real --df 4 --lr_shift 1.0 --aug none --num_samples 16 --iters 2000 --batch_size 1 --optimizer adamw --learning_rate 2e-3 --weight_decay 0 --seed 6 --device cuda:1 --sample_id s2_scene_center_v2_64 --input_projection fourier --projection_dim 256 --fourier_scale 10 --network_depth 4 --network_hidden_dim 256 --weight_decay 0 --model mlp_tcnn --tcnn_mlp_dtype fp16 --lr_degradation s2_psf --run_name fourier_mlp_baseline_s2_psf --eval_crop_lr_size 64 --eval_crop_anchor topleft,
hashgrid_mlp_baseline_area,6,satburst_real,s2_scene_center_v2_64,4,area,mlp_tcnn,hashgrid_tcnn,16,64,2000,32.69676208496094,48.58501434326172,-15.888252258300781,0.9182693362236023,0.993816614151001,-0.07554727792739868,0.2344684898853302,0.032984476536512375,-0.20148401334881783,False,64,256,,,8.061518907546997,0.004030759453773499,11.428676843643188,0.35291576385498047,,,/workspaces/scalef/single_samples/satburst_real/s2_scene_center_v2_64/hashgrid_mlp_baseline_area,/workspaces/scalef/optimize.py --dataset satburst_real --satburst_data_root data_real --df 4 --lr_shift 1.0 --aug none --num_samples 16 --iters 2000 --batch_size 1 --optimizer adamw --learning_rate 2e-3 --weight_decay 0 --seed 6 --device cuda:1 --sample_id s2_scene_center_v2_64 --input_projection hashgrid --hash_n_levels 16 --hash_n_features_per_level 2 --hash_log2_hashmap_size 21 --hash_base_resolution 0 --hash_max_resolution 0 --hash_encoding_dtype fp32 --hash_encoding_preset smoothstep_grid --hash_grid_type Hash --network_depth 4 --network_hidden_dim 256 --weight_decay 0 --model mlp_tcnn --tcnn_mlp_dtype fp16 --lr_degradation area --run_name hashgrid_mlp_baseline_area --eval_crop_lr_size 64 --eval_crop_anchor topleft,
hashgrid_mlp_baseline_s2_psf,6,satburst_real,s2_scene_center_v2_64,4,s2_psf,mlp_tcnn,hashgrid_tcnn,16,64,2000,31.738229751586914,48.58501434326172,-16.846784591674805,0.8751699924468994,0.993816614151001,-0.11864662170410156,0.2864680290222168,0.032984476536512375,-0.2534835524857044,False,64,256,,,9.317666053771973,0.004658833026885987,12.620136499404907,0.36454325914382935,,,/workspaces/scalef/single_samples/satburst_real/s2_scene_center_v2_64/hashgrid_mlp_baseline_s2_psf,/workspaces/scalef/optimize.py --dataset satburst_real --satburst_data_root data_real --df 4 --lr_shift 1.0 --aug none --num_samples 16 --iters 2000 --batch_size 1 --optimizer adamw --learning_rate 2e-3 --weight_decay 0 --seed 6 --device cuda:1 --sample_id s2_scene_center_v2_64 --input_projection hashgrid --hash_n_levels 16 --hash_n_features_per_level 2 --hash_log2_hashmap_size 21 --hash_base_resolution 0 --hash_max_resolution 0 --hash_encoding_dtype fp32 --hash_encoding_preset smoothstep_grid --hash_grid_type Hash --network_depth 4 --network_hidden_dim 256 --weight_decay 0 --model mlp_tcnn --tcnn_mlp_dtype fp16 --lr_degradation s2_psf --run_name hashgrid_mlp_baseline_s2_psf --eval_crop_lr_size 64 --eval_crop_anchor topleft,
hashgrid_level_attention_area,6,satburst_real,s2_scene_center_v2_64,4,area,hash_attn,hashgrid_tcnn,16,64,2000,32.71735763549805,48.58501434326172,-15.867656707763672,0.9224277138710022,0.993816614151001,-0.07138890027999878,0.21408241987228394,0.032984476536512375,-0.18109794333577156,False,64,256,2.4791409969329834,0.4568209946155548,13.532378435134888,0.006766189217567444,16.89909791946411,0.36680614948272705,,,/workspaces/scalef/single_samples/satburst_real/s2_scene_center_v2_64/hashgrid_level_attention_area,/workspaces/scalef/optimize.py --dataset satburst_real --satburst_data_root data_real --df 4 --lr_shift 1.0 --aug none --num_samples 16 --iters 2000 --batch_size 1 --optimizer adamw --learning_rate 2e-3 --weight_decay 0 --seed 6 --device cuda:1 --sample_id s2_scene_center_v2_64 --input_projection hashgrid --hash_n_levels 16 --hash_n_features_per_level 2 --hash_log2_hashmap_size 21 --hash_base_resolution 0 --hash_max_resolution 0 --hash_encoding_dtype fp32 --hash_encoding_preset smoothstep_grid --hash_grid_type Hash --network_depth 4 --network_hidden_dim 256 --weight_decay 0 --model hash_attn --hash_attn_token_dim 32 --log_attention --lr_degradation area --run_name hashgrid_level_attention_area --eval_crop_lr_size 64 --eval_crop_anchor topleft,"[0.027114979922771454, 0.02713792584836483, 0.02807285264134407, 0.030555877834558487, 0.031254760921001434, 0.03227832913398743, 0.03273652866482735, 0.03466194123029709, 0.03874775767326355, 0.04325442761182785, 0.05626709386706352, 0.06924568861722946, 0.09185086190700531, 0.11775459349155426, 0.1301780641078949, 0.20888832211494446]"
hashgrid_level_attention_s2_psf,6,satburst_real,s2_scene_center_v2_64,4,s2_psf,hash_attn,hashgrid_tcnn,16,64,2000,31.816652297973633,48.58501434326172,-16.768362045288086,0.8802576065063477,0.993816614151001,-0.11355900764465332,0.2740214467048645,0.032984476536512375,-0.24103697016835213,False,64,256,2.2270848751068115,0.5808230638504028,15.716501474380493,0.007858250737190247,18.99020791053772,0.3685486912727356,,,/workspaces/scalef/single_samples/satburst_real/s2_scene_center_v2_64/hashgrid_level_attention_s2_psf,/workspaces/scalef/optimize.py --dataset satburst_real --satburst_data_root data_real --df 4 --lr_shift 1.0 --aug none --num_samples 16 --iters 2000 --batch_size 1 --optimizer adamw --learning_rate 2e-3 --weight_decay 0 --seed 6 --device cuda:1 --sample_id s2_scene_center_v2_64 --input_projection hashgrid --hash_n_levels 16 --hash_n_features_per_level 2 --hash_log2_hashmap_size 21 --hash_base_resolution 0 --hash_max_resolution 0 --hash_encoding_dtype fp32 --hash_encoding_preset smoothstep_grid --hash_grid_type Hash --network_depth 4 --network_hidden_dim 256 --weight_decay 0 --model hash_attn --hash_attn_token_dim 32 --log_attention --lr_degradation s2_psf --run_name hashgrid_level_attention_s2_psf --eval_crop_lr_size 64 --eval_crop_anchor topleft,"[0.019539499655365944, 0.019177932292222977, 0.020143570378422737, 0.022473877295851707, 0.022954870015382767, 0.024184096604585648, 0.02429196611046791, 0.026215223595499992, 0.028785359114408493, 0.03396628797054291, 0.046043261885643005, 0.051805902272462845, 0.07959502935409546, 0.11855338513851166, 0.16030344367027283, 0.3019663095474243]"
fourier_band_attention_area,6,satburst_real,s2_scene_center_v2_64,4,area,fourier_band_attn,fourier,8,48,2000,31.859966278076172,48.58501434326172,-16.725048065185547,0.8630692362785339,0.993816614151001,-0.13074737787246704,0.38544514775276184,0.032984476536512375,-0.35246067121624947,False,64,256,1.9992015361785889,0.4411765933036804,11.68502163887024,0.00584251081943512,15.006394863128662,0.37791967391967773,,,/workspaces/scalef/single_samples/satburst_real/s2_scene_center_v2_64/fourier_band_attention_area,/workspaces/scalef/optimize.py --dataset satburst_real --satburst_data_root data_real --df 4 --lr_shift 1.0 --aug none --num_samples 16 --iters 2000 --batch_size 1 --optimizer adamw --learning_rate 2e-3 --weight_decay 0 --seed 6 --device cuda:1 --sample_id s2_scene_center_v2_64 --input_projection fourier --projection_dim 256 --fourier_scale 10 --network_depth 4 --network_hidden_dim 256 --weight_decay 0 --model fourier_band_attn --attn_token_dim 32 --fourier_num_bands 8 --log_attention --lr_degradation area --run_name fourier_band_attention_area --eval_crop_lr_size 64 --eval_crop_anchor topleft,"[0.10924965888261795, 0.1132337674498558, 0.11469054967164993, 0.12400318682193756, 0.09764623641967773, 0.14940783381462097, 0.13185971975326538, 0.15990903973579407]"
fourier_band_attention_s2_psf,6,satburst_real,s2_scene_center_v2_64,4,s2_psf,fourier_band_attn,fourier,8,48,2000,30.70113754272461,48.58501434326172,-17.88387680053711,0.8041496276855469,0.993816614151001,-0.1896669864654541,0.43328940868377686,0.032984476536512375,-0.4003049321472645,False,64,256,1.9733531475067139,0.44449377059936523,13.787312984466553,0.0068936564922332765,17.089102506637573,0.3603214621543884,,,/workspaces/scalef/single_samples/satburst_real/s2_scene_center_v2_64/fourier_band_attention_s2_psf,/workspaces/scalef/optimize.py --dataset satburst_real --satburst_data_root data_real --df 4 --lr_shift 1.0 --aug none --num_samples 16 --iters 2000 --batch_size 1 --optimizer adamw --learning_rate 2e-3 --weight_decay 0 --seed 6 --device cuda:1 --sample_id s2_scene_center_v2_64 --input_projection fourier --projection_dim 256 --fourier_scale 10 --network_depth 4 --network_hidden_dim 256 --weight_decay 0 --model fourier_band_attn --attn_token_dim 32 --fourier_num_bands 8 --log_attention --lr_degradation s2_psf --run_name fourier_band_attention_s2_psf --eval_crop_lr_size 64 --eval_crop_anchor topleft,"[0.10945937037467957, 0.10272039473056793, 0.11660653352737427, 0.12719619274139404, 0.09952374547719955, 0.15450051426887512, 0.13184234499931335, 0.15815092623233795]"
